Workbook

Sheet AB-ADM1
A1: OBJECTID * | B1: Shape * | C1: admin1Name_en | D1: admin1Pcode | E1: PS-match | F1: admin1RefName | G1: admin1AltName1_en | H1: admin1AltName2_en | I1: admin0Name_en | J1: admin0Pcode
A2: 1 | B2: Polygon | C2: Central | D2: ZM10 | E2: =COUNTIFS(zmb_admpop_adm2_2020!D:D,'AB-ADM1'!D2) -> 6 | F2: <Null> | G2: <Null> | H2: <Null> | I2: Zambia | J2: ZM
A3: 2 | B3: Polygon | C3: Copperbelt | D3: ZM20 | E3: =COUNTIFS(zmb_admpop_adm2_2020!D:D,'AB-ADM1'!D3) -> 10 | F3: <Null> | G3: <Null> | H3: <Null> | I3: Zambia | J3: ZM
A4: 3 | B4: Polygon | C4: Eastern | D4: ZM30 | E4: =COUNTIFS(zmb_admpop_adm2_2020!D:D,'AB-ADM1'!D4) -> 7 | F4: <Null> | G4: <Null> | H4: <Null> | I4: Zambia | J4: ZM
A5: 4 | B5: Polygon | C5: Luapula | D5: ZM40 | E5: =COUNTIFS(zmb_admpop_adm2_2020!D:D,'AB-ADM1'!D5) -> 7 | F5: <Null> | G5: <Null> | H5: <Null> | I5: Zambia | J5: ZM
A6: 5 | B6: Polygon | C6: Lusaka | D6: ZM50 | E6: =COUNTIFS(zmb_admpop_adm2_2020!D:D,'AB-ADM1'!D6) -> 4 | F6: <Null> | G6: <Null> | H6: <Null> | I6: Zambia | J6: ZM
A7: 6 | B7: Polygon | C7: Muchinga | D7: ZM11 | E7: =COUNTIFS(zmb_admpop_adm2_2020!D:D,'AB-ADM1'!D7) -> 6 | F7: <Null> | G7: <Null> | H7: <Null> | I7: Zambia | J7: ZM
A8: 7 | B8: Polygon | C8: North-Western | D8: ZM70 | E8: =COUNTIFS(zmb_admpop_adm2_2020!D:D,'AB-ADM1'!D8) -> 8 | F8: <Null> | G8: <Null> | H8: <Null> | I8: Zambia | J8: ZM
A9: 8 | B9: Polygon | C9: Northern | D9: ZM60 | E9: =COUNTIFS(zmb_admpop_adm2_2020!D:D,'AB-ADM1'!D9) -> 8 | F9: <Null> | G9: <Null> | H9: <Null> | I9: Zambia | J9: ZM
A10: 9 | B10: Polygon | C10: Southern | D10: ZM80 | E10: =COUNTIFS(zmb_admpop_adm2_2020!D:D,'AB-ADM1'!D10) -> 11 | F10: <Null> | G10: <Null> | H10: <Null> | I10: Zambia | J10: ZM
A11: 10 | B11: Polygon | C11: Western | D11: ZM90 | E11: =COUNTIFS(zmb_admpop_adm2_2020!D:D,'AB-ADM1'!D11) -> 7 | F11: <Null> | G11: <Null> | H11: <Null> | I11: Zambia | J11: ZM

Sheet AB-ADM2
A1: OBJECTID * | B1: Shape * | C1: admin2Name_en | D1: admin2Pcode | E1: COD-PS match | F1: admin2RefName | G1: admin2AltName1_en | H1: admin2AltName2_en | I1: admin1Name_en | J1: admin1Pcode | K1: admin0Name_en | L1: admin0Pcode
A2: 1 | B2: Polygon | C2: Chibombo | D2: ZM1001 | E2: =COUNTIFS(zmb_admpop_adm2_2020!#REF!,'AB-ADM2'!D2) -> #REF! | F2: <Null> | G2: <Null> | H2: <Null> | I2: Central | J2: ZM10 | K2: Zambia | L2: ZM
A3: 2 | B3: Polygon | C3: Chisamba | D3: ZM1007 | E3: =COUNTIFS(zmb_admpop_adm2_2020!#REF!,'AB-ADM2'!D3) -> #REF! | F3: <Null> | G3: <Null> | H3: <Null> | I3: Central | J3: ZM10 | K3: Zambia | L3: ZM
A4: 3 | B4: Polygon | C4: Chitambo | D4: ZM1008 | E4: =COUNTIFS(zmb_admpop_adm2_2020!#REF!,'AB-ADM2'!D4) -> #REF! | F4: <Null> | G4: <Null> | H4: <Null> | I4: Central | J4: ZM10 | K4: Zambia | L4: ZM
A5: 4 | B5: Polygon | C5: Itezhi-tezhi | D5: ZM1009 | E5: =COUNTIFS(zmb_admpop_adm2_2020!#REF!,'AB-ADM2'!D5) -> #REF! | F5: <Null> | G5: <Null> | H5: <Null> | I5: Central | J5: ZM10 | K5: Zambia | L5: ZM
A6: 5 | B6: Polygon | C6: Kabwe | D6: ZM1002 | E6: =COUNTIFS(zmb_admpop_adm2_2020!#REF!,'AB-ADM2'!D6) -> #REF! | F6: <Null> | G6: <Null> | H6: <Null> | I6: Central | J6: ZM10 | K6: Zambia | L6: ZM
A7: 7 | B7: Polygon | C7: Luano | D7: ZM1010 | E7: =COUNTIFS(zmb_admpop_adm2_2020!#REF!,'AB-ADM2'!D7) -> #REF! | F7: <Null> | G7: <Null> | H7: <Null> | I7: Central | J7: ZM10 | K7: Zambia | L7: ZM
A8: 8 | B8: Polygon | C8: Mkushi | D8: ZM1004 | E8: =COUNTIFS(zmb_admpop_adm2_2020!#REF!,'AB-ADM2'!D8) -> #REF! | F8: <Null> | G8: <Null> | H8: <Null> | I8: Central | J8: ZM10 | K8: Zambia | L8: ZM
A9: 9 | B9: Polygon | C9: Mumbwa | D9: ZM1005 | E9: =COUNTIFS(zmb_admpop_adm2_2020!#REF!,'AB-ADM2'!D9) -> #REF! | F9: <Null> | G9: <Null> | H9: <Null> | I9: Central | J9: ZM10 | K9: Zambia | L9: ZM
A10: 10 | B10: Polygon | C10: Ngabwe | D10: ZM1011 | E10: =COUNTIFS(zmb_admpop_adm2_2020!#REF!,'AB-ADM2'!D10) -> #REF! | F10: <Null> | G10: <Null> | H10: <Null> | I10: Central | J10: ZM10 | K10: Zambia | L10: ZM
A11: 11 | B11: Polygon | C11: Serenje | D11: ZM1006 | E11: =COUNTIFS(zmb_admpop_adm2_2020!#REF!,'AB-ADM2'!D11) -> #REF! | F11: <Null> | G11: <Null> | H11: <Null> | I11: Central | J11: ZM10 | K11: Zambia | L11: ZM
A12: 12 | B12: Polygon | C12: Chililabombwe | D12: ZM2001 | E12: =COUNTIFS(zmb_admpop_adm2_2020!#REF!,'AB-ADM2'!D12) -> #REF! | F12: <Null> | G12: <Null> | H12: <Null> | I12: Copperbelt | J12: ZM20 | K12: Zambia | L12: ZM
A13: 13 | B13: Polygon | C13: Chingola | D13: ZM2002 | E13: =COUNTIFS(zmb_admpop_adm2_2020!#REF!,'AB-ADM2'!D13) -> #REF! | F13: <Null> | G13: <Null> | H13: <Null> | I13: Copperbelt | J13: ZM20 | K13: Zambia | L13: ZM
... A116: 125 | B116: Polygon | C116: Mporokoso | D116: ZM6009 | E116: =COUNTIFS(zmb_admpop_adm2_2020!#REF!,'AB-ADM2'!D116) -> #REF! | F116: <Null> | G116: <Null> | H116: <Null> | I116: Northern | J116: ZM60 | K116: Zambia | L116: ZM
E117: =COUNTIFS(zmb_admpop_adm2_2020!#REF!,'AB-ADM2'!D117) -> #REF!
E118: =COUNTIFS(zmb_admpop_adm2_2020!#REF!,'AB-ADM2'!D118) -> #REF!
E119: =COUNTIFS(zmb_admpop_adm2_2020!#REF!,'AB-ADM2'!D119) -> #REF!
E120: =COUNTIFS(zmb_admpop_adm2_2020!#REF!,'AB-ADM2'!D120) -> #REF!
E121: =COUNTIFS(zmb_admpop_adm2_2020!#REF!,'AB-ADM2'!D121) -> #REF!
E122: =COUNTIFS(zmb_admpop_adm2_2020!#REF!,'AB-ADM2'!D122) -> #REF!
E123: =COUNTIFS(zmb_admpop_adm2_2020!#REF!,'AB-ADM2'!D123) -> #REF!
E124: =COUNTIFS(zmb_admpop_adm2_2020!#REF!,'AB-ADM2'!D124) -> #REF!
E125: =COUNTIFS(zmb_admpop_adm2_2020!#REF!,'AB-ADM2'!D125) -> #REF!
E126: =COUNTIFS(zmb_admpop_adm2_2020!#REF!,'AB-ADM2'!D126) -> #REF!
E127: =COUNTIFS(zmb_admpop_adm2_2020!#REF!,'AB-ADM2'!D127) -> #REF!
E128: =COUNTIFS(zmb_admpop_adm2_2020!#REF!,'AB-ADM2'!D128) -> #REF!
... E520: =COUNTIFS(zmb_admpop_adm2_2020!#REF!,'AB-ADM2'!D520) -> #REF!

Sheet zmb_admpop_adm0_2020
A1: ADM0_EN | B1: ADM0_CODE | C1: Year | D1: Both_TOTL | E1: Both_0004 | F1: Both_0509 | G1: Both_1014 | H1: Both_1519 | I1: Both_2024 | J1: Both_2529 | K1: Both_3034 | L1: Both_3539 | M1: Both_4044 | N1: Both_4549 | O1: Both_5054 | P1: Both_5559 | Q1: Both_6064 | R1: Both_6569 | S1: Both_7074 | T1: Both_7579 | U1: Both_80PL | V1: Male_TOTL | W1: Male_0004 | X1: Male_0509 | Y1: Male_1014 | Z1: Male_1519 | AA1: Male_2024 | AB1: Male_2529 | AC1: Male_3034 | AD1: Male_3539 | AE1: Male_4044 | AF1: Male_4549 | AG1: Male_5054 | AH1: Male_5559 | AI1: Male_6064 | AJ1: Male_6569 | AK1: Male_7074 | AL1: Male_7579 | AM1: Male_80PL | AN1: Female_TOTL | AO1: Female_0004 | AP1: Female_0509 | AQ1: Female_1014 | AR1: Female_1519 | AS1: Female_2024 | AT1: Female_2529 | AU1: Female_3034 | AV1: Female_3539 | AW1: Female_4044 | AX1: Female_4549 | AY1: Female_5054 | AZ1: Female_5559 | BA1: Female_6064 | BB1: Female_6569 | BC1: Female_7074 | BD1: Female_7579 | BE1: Female_80PL
A2: Zambia | B2: ZM | C2: 2020 | D2: 17426623 | E2: 3092857 | F2: 2628833 | G2: 2248413 | H2: 1890158 | I2: 1601246 | J2: 1334942 | K2: 1094554 | L2: 910445 | M2: 758878 | N2: 551439 | O2: 396163 | P2: 295869 | Q2: 227928 | R2: 151843 | S2: 114520 | T2: 71521 | U2: 57014 | V2: 8706249 | W2: 1558569 | X2: 1319564 | Y2: 1127001 | Z2: 945738 | AA2: 799105 | AB2: 666686 | AC2: 547864 | AD2: 457653 | AE2: 384148 | AF2: 282257 | AG2: 201089 | AH2: 141032 | AI2: 101961 | AJ2: 70814 | AK2: 51035 | AL2: 30491 | AM2: 21242 | AN2: 8720374 | AO2: 1534288 | AP2: 1309269 | AQ2: 1121412 | AR2: 944420 | AS2: 802141 | AT2: 668256 | AU2: 546690 | AV2: 452792 | AW2: 374730 | AX2: 269182 | AY2: 195074 | AZ2: 154837 | BA2: 125967 | BB2: 81029 | BC2: 63485 | BD2: 41030 | BE2: 35772

Sheet zmb_admpop_adm1_2020
A1: ADM0_EN | B1: ADM0_CODE | C1: ADM1_EN | D1: ADM1_CODE | E1: Year | F1: Both_TOTL | G1: Both_0004 | H1: Both_0509 | I1: Both_1014 | J1: Both_1519 | K1: Both_2024 | L1: Both_2529 | M1: Both_3034 | N1: Both_3539 | O1: Both_4044 | P1: Both_4549 | Q1: Both_5054 | R1: Both_5559 | S1: Both_6064 | T1: Both_6569 | U1: Both_7074 | V1: Both_7579 | W1: Both_80PL | X1: Male_TOTL | Y1: Male_0004 | Z1: Male_0509 | AA1: Male_1014 | AB1: Male_1519 | AC1: Male_2024 | AD1: Male_2529 | AE1: Male_3034 | AF1: Male_3539 | AG1: Male_4044 | AH1: Male_4549 | AI1: Male_5054 | AJ1: Male_5559 | AK1: Male_6064 | AL1: Male_6569 | AM1: Male_7074 | AN1: Male_7579 | AO1: Male_80PL | AP1: Female_TOTL | AQ1: Female_0004 | AR1: Female_0509 | AS1: Female_1014 | AT1: Female_1519 | AU1: Female_2024 | AV1: Female_2529 | AW1: Female_3034 | AX1: Female_3539 | AY1: Female_4044 | AZ1: Female_4549 | BA1: Female_5054 | BB1: Female_5559 | BC1: Female_6064 | BD1: Female_6569 | BE1: Female_7074 | BF1: Female_7579 | BG1: Female_80PL
A2: Zambia | B2: ZM | C2: EASTERN | D2: ZM30 | E2: 2020 | F2: 2119981 | G2: 391374 | H2: 338535 | I2: 281180 | J2: 222399 | K2: 182592 | L2: 148372 | M2: 119913 | N2: 103763 | O2: 87438 | P2: 66519 | Q2: 47552 | R2: 36973 | S2: 31889 | T2: 22182 | U2: 18021 | V2: 11365 | W2: 9914 | X2: 1056542 | Y2: 196678 | Z2: 170815 | AA2: 143846 | AB2: 114448 | AC2: 92536 | AD2: 73997 | AE2: 59737 | AF2: 50846 | AG2: 42668 | AH2: 33579 | AI2: 23543 | AJ2: 16816 | AK2: 12829 | AL2: 9375 | AM2: 7101 | AN2: 4437 | AO2: 3291 | AP2: 1063439 | AQ2: 194696 | AR2: 167720 | AS2: 137334 | AT2: 107951 | AU2: 90056 | AV2: 74375 | AW2: 60176 | AX2: 52917 | AY2: 44770 | AZ2: 32940 | BA2: 24009 | BB2: 20157 | BC2: 19060 | BD2: 12807 | BE2: 10920 | BF2: 6928 | BG2: 6623
A3: Zambia | B3: ZM | C3: MUCHINGA | D3: ZM11 | E3: 2020 | F3: 964189 | G3: 184904 | H3: 160863 | I3: 127347 | J3: 99486 | K3: 81616 | L3: 67022 | M3: 52145 | N3: 45627 | O3: 39315 | P3: 29774 | Q3: 21181 | R3: 15687 | S3: 13702 | T3: 9720 | U3: 7646 | V3: 4774 | W3: 3380 | X3: 479655 | Y3: 92997 | Z3: 81118 | AA3: 65049 | AB3: 49885 | AC3: 39893 | AD3: 32845 | AE3: 25866 | AF3: 22173 | AG3: 19367 | AH3: 15031 | AI3: 10770 | AJ3: 7363 | AK3: 5771 | AL3: 4439 | AM3: 3529 | AN3: 2146 | AO3: 1413 | AP3: 484534 | AQ3: 91907 | AR3: 79745 | AS3: 62298 | AT3: 49601 | AU3: 41723 | AV3: 34177 | AW3: 26279 | AX3: 23454 | AY3: 19948 | AZ3: 14743 | BA3: 10411 | BB3: 8324 | BC3: 7931 | BD3: 5281 | BE3: 4117 | BF3: 2628 | BG3: 1967
A4: Zambia | B4: ZM | C4: NORTH-WESTERN | D4: ZM70 | E4: 2020 | F4: 927181 | G4: 179539 | H4: 150049 | I4: 123876 | J4: 99246 | K4: 79025 | L4: 65928 | M4: 52379 | N4: 42957 | O4: 38178 | P4: 27695 | Q4: 19246 | R4: 14767 | S4: 11589 | T4: 8161 | U4: 6490 | V4: 4415 | W4: 3641 | X4: 462418 | Y4: 90438 | Z4: 75504 | AA4: 62643 | AB4: 50154 | AC4: 39872 | AD4: 32627 | AE4: 26009 | AF4: 20792 | AG4: 18550 | AH4: 14028 | AI4: 9705 | AJ4: 7008 | AK4: 5069 | AL4: 3648 | AM4: 2935 | AN4: 1934 | AO4: 1502 | AP4: 464763 | AQ4: 89101 | AR4: 74545 | AS4: 61233 | AT4: 49092 | AU4: 39153 | AV4: 33301 | AW4: 26370 | AX4: 22165 | AY4: 19628 | AZ4: 13667 | BA4: 9541 | BB4: 7759 | BC4: 6520 | BD4: 4513 | BE4: 3555 | BF4: 2481 | BG4: 2139
A5: Zambia | B5: ZM | C5: CENTRAL | D5: ZM10 | E5: 2020 | F5: 1654706 | G5: 299967 | H5: 258234 | I5: 222533 | J5: 184065 | K5: 147410 | L5: 114608 | M5: 95555 | N5: 81444 | O5: 69942 | P5: 51460 | Q5: 38074 | R5: 28566 | S5: 22791 | T5: 15353 | U5: 11527 | V5: 7601 | W5: 5576 | X5: 831446 | Y5: 150948 | Z5: 130298 | AA5: 112354 | AB5: 93562 | AC5: 75381 | AD5: 57379 | AE5: 47192 | AF5: 40608 | AG5: 35431 | AH5: 26183 | AI5: 19262 | AJ5: 13786 | AK5: 10467 | AL5: 7445 | AM5: 5502 | AN5: 3336 | AO5: 2312 | AP5: 823260 | AQ5: 149019 | AR5: 127936 | AS5: 110179 | AT5: 90503 | AU5: 72029 | AV5: 57229 | AW5: 48363 | AX5: 40836 | AY5: 34511 | AZ5: 25277 | BA5: 18812 | BB5: 14780 | BC5: 12324 | BD5: 7908 | BE5: 6025 | BF5: 4265 | BG5: 3264
A6: Zambia | B6: ZM | C6: LUAPULA | D6: ZM40 | E6: 2020 | F6: 1243727 | G6: 235994 | H6: 200495 | I6: 164082 | J6: 126569 | K6: 99779 | L6: 84918 | M6: 71124 | N6: 61440 | O6: 55744 | P6: 41404 | Q6: 31079 | R6: 23220 | S6: 18676 | T6: 12097 | U6: 8825 | V6: 5039 | W6: 3242 | X6: 620157 | Y6: 118812 | Z6: 101326 | AA6: 83927 | AB6: 63902 | AC6: 48282 | AD6: 40783 | AE6: 34943 | AF6: 30038 | AG6: 28010 | AH6: 21364 | AI6: 16129 | AJ6: 10742 | AK6: 8308 | AL6: 5753 | AM6: 4109 | AN6: 2391 | AO6: 1338 | AP6: 623570 | AQ6: 117182 | AR6: 99169 | AS6: 80155 | AT6: 62667 | AU6: 51497 | AV6: 44135 | AW6: 36181 | AX6: 31402 | AY6: 27734 | AZ6: 20040 | BA6: 14950 | BB6: 12478 | BC6: 10368 | BD6: 6344 | BE6: 4716 | BF6: 2648 | BG6: 1904
A7: Zambia | B7: ZM | C7: COPPERBELT | D7: ZM20 | E7: 2020 | F7: 2429638 | G7: 370226 | H7: 322504 | I7: 311107 | J7: 290003 | K7: 237297 | L7: 199873 | M7: 163769 | N7: 134788 | O7: 115189 | P7: 85774 | Q7: 64281 | R7: 49926 | S7: 34531 | T7: 21207 | U7: 14632 | V7: 8563 | W7: 5968 | X7: 1226173 | Y7: 186726 | Z7: 160851 | AA7: 153732 | AB7: 144227 | AC7: 121117 | AD7: 102278 | AE7: 84139 | AF7: 68867 | AG7: 59554 | AH7: 44171 | AI7: 33122 | AJ7: 25428 | AK7: 17585 | AL7: 11046 | AM7: 7128 | AN7: 3907 | AO7: 2295 | AP7: 1203465 | AQ7: 183500 | AR7: 161653 | AS7: 157375 | AT7: 145776 | AU7: 116180 | AV7: 97595 | AW7: 79630 | AX7: 65921 | AY7: 55635 | AZ7: 41603 | BA7: 31159 | BB7: 24498 | BC7: 16946 | BD7: 10161 | BE7: 7504 | BF7: 4656 | BG7: 3673
A8: Zambia | B8: ZM | C8: NORTHERN | D8: ZM60 | E8: 2020 | F8: 1510683 | G8: 294596 | H8: 247382 | I8: 198134 | J8: 153970 | K8: 125498 | L8: 105339 | M8: 81442 | N8: 72998 | O8: 62868 | P8: 49195 | Q8: 34752 | R8: 26185 | S8: 20826 | T8: 14901 | U8: 10930 | V8: 6788 | W8: 4879 | X8: 755846 | Y8: 148975 | Z8: 124116 | AA8: 101242 | AB8: 77289 | AC8: 61441 | AD8: 51884 | AE8: 40694 | AF8: 35800 | AG8: 31640 | AH8: 25319 | AI8: 18285 | AJ8: 12505 | AK8: 9125 | AL8: 6961 | AM8: 5215 | AN8: 3289 | AO8: 2066 | AP8: 754837 | AQ8: 145621 | AR8: 123266 | AS8: 96892 | AT8: 76681 | AU8: 64057 | AV8: 53455 | AW8: 40748 | AX8: 37198 | AY8: 31228 | AZ8: 23876 | BA8: 16467 | BB8: 13680 | BC8: 11701 | BD8: 7940 | BE8: 5715 | BF8: 3499 | BG8: 2813
A9: Zambia | B9: ZM | C9: SOUTHERN | D9: ZM80 | E9: 2020 | F9: 2094285 | G9: 397773 | H9: 333412 | I9: 275728 | J9: 233189 | K9: 192023 | L9: 149831 | M9: 124979 | N9: 100608 | O9: 84233 | P9: 60673 | Q9: 43287 | R9: 29935 | S9: 23330 | T9: 16751 | U9: 13181 | V9: 8405 | W9: 6947 | X9: 1040621 | Y9: 200543 | Z9: 167630 | AA9: 138986 | AB9: 118753 | AC9: 97872 | AD9: 74226 | AE9: 60946 | AF9: 48972 | AG9: 40059 | AH9: 29865 | AI9: 21264 | AJ9: 13749 | AK9: 9738 | AL9: 7171 | AM9: 5199 | AN9: 3271 | AO9: 2377 | AP9: 1053664 | AQ9: 197230 | AR9: 165782 | AS9: 136742 | AT9: 114436 | AU9: 94151 | AV9: 75605 | AW9: 64033 | AX9: 51636 | AY9: 44174 | AZ9: 30808 | BA9: 22023 | BB9: 16186 | BC9: 13592 | BD9: 9580 | BE9: 7982 | BF9: 5134 | BG9: 4570
A10: Zambia | B10: ZM | C10: LUSAKA | D10: ZM50 | E10: 2020 | F10: 3433676 | G10: 540584 | H10: 453366 | I10: 411782 | J10: 374229 | K10: 365945 | L10: 325930 | M10: 273926 | N10: 218103 | O10: 162719 | P10: 105872 | Q10: 70418 | R10: 50419 | S10: 33234 | T10: 19454 | U10: 13085 | V10: 7914 | W10: 6696 | X10: 1724650 | Y10: 272224 | Z10: 224886 | AA10: 197864 | AB10: 180067 | AC10: 179210 | AD10: 165784 | AE10: 140675 | AF10: 117320 | AG10: 89261 | AH10: 57578 | AI10: 37146 | AJ10: 25278 | AK10: 16428 | AL10: 9841 | AM10: 5945 | AN10: 3008 | AO10: 2135 | AP10: 1709026 | AQ10: 268360 | AR10: 228480 | AS10: 213918 | AT10: 194162 | AU10: 186735 | AV10: 160146 | AW10: 133251 | AX10: 100783 | AY10: 73458 | AZ10: 48294 | BA10: 33272 | BB10: 25141 | BC10: 16806 | BD10: 9613 | BE10: 7140 | BF10: 4906 | BG10: 4561
A11: Zambia | B11: ZM | C11: WESTERN | D11: ZM90 | E11: 2020 | F11: 1048557 | G11: 197900 | H11: 163993 | I11: 132644 | J11: 107002 | K11: 90061 | L11: 73121 | M11: 59322 | N11: 48717 | O11: 43252 | P11: 33073 | Q11: 26293 | R11: 20191 | S11: 17360 | T11: 12017 | U11: 10183 | V11: 6657 | W11: 6771 | X11: 508741 | Y11: 100228 | Z11: 83020 | AA11: 67358 | AB11: 53451 | AC11: 43501 | AD11: 34883 | AE11: 27663 | AF11: 22237 | AG11: 19608 | AH11: 15139 | AI11: 11863 | AJ11: 8357 | AK11: 6641 | AL11: 5135 | AM11: 4372 | AN11: 2772 | AO11: 2513 | AP11: 539816 | AQ11: 97672 | AR11: 80973 | AS11: 65286 | AT11: 53551 | AU11: 46560 | AV11: 38238 | AW11: 31659 | AX11: 26480 | AY11: 23644 | AZ11: 17934 | BA11: 14430 | BB11: 11834 | BC11: 10719 | BD11: 6882 | BE11: 5811 | BF11: 3885 | BG11: 4258

Sheet zmb_admpop_adm2_2020
A1: ADM0_EN | B1: ADM0_CODE | C1: ADM1_EN | D1: ADM1_CODE | E1: ADM2_EN | F1: Year | G1: Both_TOTL | H1: Both_0004 | I1: Both_0509 | J1: Both_1014 | K1: Both_1519 | L1: Both_2024 | M1: Both_2529 | N1: Both_3034 | O1: Both_3539 | P1: Both_4044 | Q1: Both_4549 | R1: Both_5054 | S1: Both_5559 | T1: Both_6064 | U1: Both_6569 | V1: Both_7074 | W1: Both_7579 | X1: Both_80PL | Y1: Male_TOTL | Z1: Male_0004 | AA1: Male_0509 | AB1: Male_1014 | AC1: Male_1519 | AD1: Male_2024 | AE1: Male_2529 | AF1: Male_3034 | AG1: Male_3539 | AH1: Male_4044 | AI1: Male_4549 | AJ1: Male_5054 | AK1: Male_5559 | AL1: Male_6064 | AM1: Male_6569 | AN1: Male_7074 | AO1: Male_7579 | AP1: Male_80PL | AQ1: Female_TOTL | AR1: Female_0004 | AS1: Female_0509 | AT1: Female_1014 | AU1: Female_1519 | AV1: Female_2024 | AW1: Female_2529 | AX1: Female_3034 | AY1: Female_3539 | AZ1: Female_4044 | BA1: Female_4549 | BB1: Female_5054 | BC1: Female_5559 | BD1: Female_6064 | BE1: Female_6569 | BF1: Female_7074 | BG1: Female_7579 | BH1: Female_80PL
A2: Zambia | B2: ZM | C2: EASTERN | D2: ZM30 | E2: CHADIZA | F2: 2020 | G2: 133843 | H2: 25567 | I2: 22098 | J2: 17703 | K2: 14110 | L2: 11417 | M2: 8813 | N2: 7453 | O2: 6289 | P2: 5439 | Q2: 4301 | R2: 2852 | S2: 2350 | T2: 1869 | U2: 1299 | V2: 1131 | W2: 684 | X2: 468 | Y2: 67377 | Z2: 12871 | AA2: 11180 | AB2: 8962 | AC2: 7445 | AD2: 6084 | AE2: 4506 | AF2: 3699 | AG2: 2998 | AH2: 2627 | AI2: 2195 | AJ2: 1439 | AK2: 1108 | AL2: 774 | AM2: 579 | AN2: 449 | AO2: 279 | AP2: 182 | AQ2: 66466 | AR2: 12696 | AS2: 10918 | AT2: 8741 | AU2: 6665 | AV2: 5333 | AW2: 4307 | AX2: 3754 | AY2: 3291 | AZ2: 2812 | BA2: 2106 | BB2: 1413 | BC2: 1242 | BD2: 1095 | BE2: 720 | BF2: 682 | BG2: 405 | BH2: 286
A3: Zambia | B3: ZM | C3: MUCHINGA | D3: ZM11 | E3: CHAMA | F3: 2020 | G3: 139810 | H3: 28370 | I3: 24829 | J3: 18553 | K3: 13629 | L3: 11130 | M3: 9800 | N3: 7915 | O3: 6408 | P3: 5465 | Q3: 3899 | R3: 2649 | S3: 1867 | T3: 1870 | U3: 1346 | V3: 1061 | W3: 642 | X3: 377 | Y3: 69228 | Z3: 14370 | AA3: 12520 | AB3: 9583 | AC3: 6931 | AD3: 5537 | AE3: 4611 | AF3: 4006 | AG3: 3014 | AH3: 2559 | AI3: 1873 | AJ3: 1216 | AK3: 832 | AL3: 695 | AM3: 570 | AN3: 453 | AO3: 293 | AP3: 165 | AQ3: 70582 | AR3: 14000 | AS3: 12309 | AT3: 8970 | AU3: 6698 | AV3: 5593 | AW3: 5189 | AX3: 3909 | AY3: 3394 | AZ3: 2906 | BA3: 2026 | BB3: 1433 | BC3: 1035 | BD3: 1175 | BE3: 776 | BF3: 608 | BG3: 349 | BH3: 212
A4: Zambia | B4: ZM | C4: NORTH-WESTERN | D4: ZM70 | E4: CHAVUMA | F4: 2020 | G4: 39952 | H4: 7946 | I4: 6555 | J4: 5196 | K4: 4201 | L4: 3243 | M4: 2691 | N4: 2181 | O4: 1701 | P4: 1672 | Q4: 1161 | R4: 792 | S4: 586 | T4: 511 | U4: 451 | V4: 399 | W4: 291 | X4: 375 | Y4: 19580 | Z4: 4050 | AA4: 3291 | AB4: 2617 | AC4: 2127 | AD4: 1689 | AE4: 1329 | AF4: 1011 | AG4: 739 | AH4: 767 | AI4: 581 | AJ4: 337 | AK4: 250 | AL4: 198 | AM4: 165 | AN4: 173 | AO4: 111 | AP4: 145 | AQ4: 20372 | AR4: 3896 | AS4: 3264 | AT4: 2579 | AU4: 2074 | AV4: 1554 | AW4: 1362 | AX4: 1170 | AY4: 962 | AZ4: 905 | BA4: 580 | BB4: 455 | BC4: 336 | BD4: 313 | BE4: 286 | BF4: 226 | BG4: 180 | BH4: 230
A5: Zambia | B5: ZM | C5: CENTRAL | D5: ZM10 | E5: CHIBOMBO | F5: 2020 | G5: 372317 | H5: 69713 | I5: 59079 | J5: 51428 | K5: 40610 | L5: 32694 | M5: 24536 | N5: 21096 | O5: 17623 | P5: 15206 | Q5: 11250 | R5: 8175 | S5: 6050 | T5: 5133 | U5: 3684 | V5: 2791 | W5: 1825 | X5: 1424 | Y5: 187577 | Z5: 35109 | AA5: 29846 | AB5: 26254 | AC5: 21037 | AD5: 16925 | AE5: 12483 | AF5: 10362 | AG5: 8689 | AH5: 7610 | AI5: 5669 | AJ5: 4028 | AK5: 2799 | AL5: 2316 | AM5: 1766 | AN5: 1288 | AO5: 802 | AP5: 594 | AQ5: 184740 | AR5: 34604 | AS5: 29233 | AT5: 25174 | AU5: 19573 | AV5: 15769 | AW5: 12053 | AX5: 10734 | AY5: 8934 | AZ5: 7596 | BA5: 5581 | BB5: 4147 | BC5: 3251 | BD5: 2817 | BE5: 1918 | BF5: 1503 | BG5: 1023 | BH5: 830
A6: Zambia | B6: ZM | C6: LUAPULA | D6: ZM40 | E6: CHIENGI | F6: 2020 | G6: 151048 | H6: 30220 | I6: 23225 | J6: 18370 | K6: 13675 | L6: 11993 | M6: 12146 | N6: 9720 | O6: 7697 | P6: 7181 | Q6: 5249 | R6: 4087 | S6: 2843 | T6: 2039 | U6: 1137 | V6: 761 | W6: 464 | X6: 241 | Y6: 75726 | Z6: 15126 | AA6: 11683 | AB6: 9303 | AC6: 6894 | AD6: 5754 | AE6: 5809 | AF6: 5088 | AG6: 3899 | AH6: 3651 | AI6: 2804 | AJ6: 2144 | AK6: 1367 | AL6: 990 | AM6: 568 | AN6: 328 | AO6: 218 | AP6: 100 | AQ6: 75322 | AR6: 15094 | AS6: 11542 | AT6: 9067 | AU6: 6781 | AV6: 6239 | AW6: 6337 | AX6: 4632 | AY6: 3798 | AZ6: 3530 | BA6: 2445 | BB6: 1943 | BC6: 1476 | BD6: 1049 | BE6: 569 | BF6: 433 | BG6: 246 | BH6: 141
A7: Zambia | B7: ZM | C7: COPPERBELT | D7: ZM20 | E7: CHILILABOMBWE | F7: 2020 | G7: 121194 | H7: 18551 | I7: 15570 | J7: 15318 | K7: 14574 | L7: 12859 | M7: 11395 | N7: 8478 | O7: 6319 | P7: 5625 | Q7: 4155 | R7: 2949 | S7: 2141 | T7: 1332 | U7: 766 | V7: 610 | W7: 327 | X7: 225 | Y7: 62703 | Z7: 9397 | AA7: 7762 | AB7: 7590 | AC7: 7367 | AD7: 6712 | AE7: 6262 | AF7: 4612 | AG7: 3220 | AH7: 3061 | AI7: 2248 | AJ7: 1660 | AK7: 1170 | AL7: 727 | AM7: 385 | AN7: 298 | AO7: 143 | AP7: 89 | AQ7: 58491 | AR7: 9154 | AS7: 7808 | AT7: 7728 | AU7: 7207 | AV7: 6147 | AW7: 5133 | AX7: 3866 | AY7: 3099 | AZ7: 2564 | BA7: 1907 | BB7: 1289 | BC7: 971 | BD7: 605 | BE7: 381 | BF7: 312 | BG7: 184 | BH7: 136
A8: Zambia | B8: ZM | C8: NORTHERN | D8: ZM60 | E8: CHILUBI | F8: 2020 | G8: 96843 | H8: 19718 | I8: 16515 | J8: 12059 | K8: 9225 | L8: 7130 | M8: 6301 | N8: 5040 | O8: 5028 | P8: 4512 | Q8: 3309 | R8: 2330 | S8: 1714 | T8: 1445 | U8: 1056 | V8: 769 | W8: 424 | X8: 268 | Y8: 47937 | Z8: 9968 | AA8: 8358 | AB8: 6268 | AC8: 4656 | AD8: 3398 | AE8: 3081 | AF8: 2373 | AG8: 2342 | AH8: 2164 | AI8: 1618 | AJ8: 1240 | AK8: 808 | AL8: 582 | AM8: 442 | AN8: 351 | AO8: 181 | AP8: 107 | AQ8: 48906 | AR8: 9750 | AS8: 8157 | AT8: 5791 | AU8: 4569 | AV8: 3732 | AW8: 3220 | AX8: 2667 | AY8: 2686 | AZ8: 2348 | BA8: 1691 | BB8: 1090 | BC8: 906 | BD8: 863 | BE8: 614 | BF8: 418 | BG8: 243 | BH8: 161
A9: Zambia | B9: ZM | C9: COPPERBELT | D9: ZM20 | E9: CHINGOLA | F9: 2020 | G9: 265315 | H9: 39841 | I9: 34234 | J9: 33642 | K9: 31734 | L9: 26815 | M9: 22964 | N9: 18020 | O9: 14360 | P9: 12274 | Q9: 9444 | R9: 7214 | S9: 5655 | T9: 3824 | U9: 2239 | V9: 1528 | W9: 869 | X9: 658 | Y9: 134697 | Z9: 20230 | AA9: 17222 | AB9: 16729 | AC9: 15697 | AD9: 13743 | AE9: 12004 | AF9: 9336 | AG9: 7405 | AH9: 6228 | AI9: 4837 | AJ9: 3724 | AK9: 2964 | AL9: 2033 | AM9: 1167 | AN9: 721 | AO9: 401 | AP9: 256 | AQ9: 130618 | AR9: 19611 | AS9: 17012 | AT9: 16913 | AU9: 16037 | AV9: 13072 | AW9: 10960 | AX9: 8684 | AY9: 6955 | AZ9: 6046 | BA9: 4607 | BB9: 3490 | BC9: 2691 | BD9: 1791 | BE9: 1072 | BF9: 807 | BG9: 468 | BH9: 402
A10: Zambia | B10: ZM | C10: MUCHINGA | D10: ZM11 | E10: CHINSALI | F10: 2020 | G10: 162867 | H10: 30983 | I10: 27456 | J10: 22096 | K10: 16489 | L10: 13072 | M10: 10669 | N10: 8691 | O10: 7561 | P10: 6740 | Q10: 5454 | R10: 3602 | S10: 2756 | T10: 2367 | U10: 1841 | V10: 1406 | W10: 993 | X10: 691 | Y10: 81505 | Z10: 15518 | AA10: 13846 | AB10: 11414 | AC10: 8494 | AD10: 6327 | AE10: 5240 | AF10: 4297 | AG10: 3632 | AH10: 3400 | AI10: 2858 | AJ10: 1967 | AK10: 1288 | AL10: 983 | AM10: 859 | AN10: 649 | AO10: 427 | AP10: 306 | AQ10: 81362 | AR10: 15465 | AS10: 13610 | AT10: 10682 | AU10: 7995 | AV10: 6745 | AW10: 5429 | AX10: 4394 | AY10: 3929 | AZ10: 3340 | BA10: 2596 | BB10: 1635 | BC10: 1468 | BD10: 1384 | BE10: 982 | BF10: 757 | BG10: 566 | BH10: 385
A11: Zambia | B11: ZM | C11: EASTERN | D11: ZM30 | E11: CHIPATA | F11: 2020 | G11: 552704 | H11: 98046 | I11: 84482 | J11: 73272 | K11: 59725 | L11: 49502 | M11: 40680 | N11: 33259 | O11: 27999 | P11: 23045 | Q11: 17325 | R11: 12558 | S11: 9439 | T11: 7880 | U11: 5478 | V11: 4468 | W11: 2996 | X11: 2550 | Y11: 276140 | Z11: 49138 | AA11: 42495 | AB11: 37020 | AC11: 30720 | AD11: 24992 | AE11: 20459 | AF11: 16778 | AG11: 14095 | AH11: 11569 | AI11: 8713 | AJ11: 6369 | AK11: 4388 | AL11: 3334 | AM11: 2309 | AN11: 1826 | AO11: 1128 | AP11: 807 | AQ11: 276564 | AR11: 48908 | AS11: 41987 | AT11: 36252 | AU11: 29005 | AV11: 24510 | AW11: 20221 | AX11: 16481 | AY11: 13904 | AZ11: 11476 | BA11: 8612 | BB11: 6189 | BC11: 5051 | BD11: 4546 | BE11: 3169 | BF11: 2642 | BG11: 1868 | BH11: 1743
A12: Zambia | B12: ZM | C12: SOUTHERN | D12: ZM80 | E12: CHOMA | F12: 2020 | G12: 313803 | H12: 59262 | I12: 49773 | J12: 41440 | K12: 36418 | L12: 28479 | M12: 21551 | N12: 17939 | O12: 14797 | P12: 12621 | Q12: 9064 | R12: 6799 | S12: 4927 | T12: 3697 | U12: 2617 | V12: 2060 | W12: 1297 | X12: 1062 | Y12: 155041 | Z12: 29991 | AA12: 24760 | AB12: 20877 | AC12: 18594 | AD12: 14467 | AE12: 10704 | AF12: 8601 | AG12: 7002 | AH12: 5924 | AI12: 4282 | AJ12: 3259 | AK12: 2240 | AL12: 1506 | AM12: 1103 | AN12: 852 | AO12: 518 | AP12: 361 | AQ12: 158762 | AR12: 29271 | AS12: 25013 | AT12: 20563 | AU12: 17824 | AV12: 14012 | AW12: 10847 | AX12: 9338 | AY12: 7795 | AZ12: 6697 | BA12: 4782 | BB12: 3540 | BC12: 2687 | BD12: 2191 | BE12: 1514 | BF12: 1208 | BG12: 779 | BH12: 701
A13: Zambia | B13: ZM | C13: LUSAKA | D13: ZM50 | E13: CHONGWE | F13: 2020 | G13: 260921 | H13: 45918 | I13: 38880 | J13: 34545 | K13: 29210 | L13: 23188 | M13: 18695 | N13: 15989 | O13: 13346 | P13: 11360 | Q13: 8175 | R13: 6308 | S13: 4382 | T13: 3728 | U13: 2771 | V13: 2054 | W13: 1295 | X13: 1077 | Y13: 132760 | Z13: 23066 | AA13: 19714 | AB13: 17301 | AC13: 15181 | AD13: 11919 | AE13: 9600 | AF13: 8245 | AG13: 7057 | AH13: 5990 | AI13: 4366 | AJ13: 3231 | AK13: 2126 | AL13: 1691 | AM13: 1334 | AN13: 955 | AO13: 553 | AP13: 431 | AQ13: 128161 | AR13: 22852 | AS13: 19166 | AT13: 17244 | AU13: 14029 | AV13: 11269 | AW13: 9095 | AX13: 7744 | AY13: 6289 | AZ13: 5370 | BA13: 3809 | BB13: 3077 | BC13: 2256 | BD13: 2037 | BE13: 1437 | BF13: 1099 | BG13: 742 | BH13: 646
... A75: Zambia | B75: ZM | C75: NORTH-WESTERN | D75: ZM70 | E75: ZAMBEZI | F75: 2020 | G75: 96740 | H75: 18869 | I75: 16046 | J75: 13204 | K75: 10015 | L75: 7606 | M75: 6500 | N75: 5270 | O75: 4328 | P75: 3949 | Q75: 2988 | R75: 1920 | S75: 1565 | T75: 1252 | U75: 1096 | V75: 842 | W75: 647 | X75: 643 | Y75: 47778 | Z75: 9540 | AA75: 8152 | AB75: 6705 | AC75: 5111 | AD75: 3829 | AE75: 3169 | AF75: 2498 | AG75: 1977 | AH75: 1854 | AI75: 1469 | AJ75: 923 | AK75: 688 | AL75: 448 | AM75: 453 | AN75: 394 | AO75: 285 | AP75: 283 | AQ75: 48962 | AR75: 9329 | AS75: 7894 | AT75: 6499 | AU75: 4904 | AV75: 3777 | AW75: 3331 | AX75: 2772 | AY75: 2351 | AZ75: 2095 | BA75: 1519 | BB75: 997 | BC75: 877 | BD75: 804 | BE75: 643 | BF75: 448 | BG75: 362 | BH75: 360

Sheet zmb_admpop_adm3_2020
A1: ADM0_EN | B1: ADM0_CODE | C1: ADM1_EN | D1: ADM1_CODE | E1: ADM2_EN | F1: ADM3_EN | G1: Year | H1: Both_TOTL | I1: Both_0004 | J1: Both_0509 | K1: Both_1014 | L1: Both_1519 | M1: Both_2024 | N1: Both_2529 | O1: Both_3034 | P1: Both_3539 | Q1: Both_4044 | R1: Both_4549 | S1: Both_5054 | T1: Both_5559 | U1: Both_6064 | V1: Both_6569 | W1: Both_7074 | X1: Both_7579 | Y1: Both_80PL | Z1: Male_TOTL | AA1: Male_0004 | AB1: Male_0509 | AC1: Male_1014 | AD1: Male_1519 | AE1: Male_2024 | AF1: Male_2529 | AG1: Male_3034 | AH1: Male_3539 | AI1: Male_4044 | AJ1: Male_4549 | AK1: Male_5054 | AL1: Male_5559 | AM1: Male_6064 | AN1: Male_6569 | AO1: Male_7074 | AP1: Male_7579 | AQ1: Male_80PL | AR1: Female_TOTL | AS1: Female_0004 | AT1: Female_0509 | AU1: Female_1014 | AV1: Female_1519 | AW1: Female_2024 | AX1: Female_2529 | AY1: Female_3034 | AZ1: Female_3539 | BA1: Female_4044 | BB1: Female_4549 | BC1: Female_5054 | BD1: Female_5559 | BE1: Female_6064 | BF1: Female_6569 | BG1: Female_7074 | BH1: Female_7579 | BI1: Female_80PL
A2: Zambia | B2: ZM | C2: EASTERN | D2: ZM30 | E2: CHADIZA | F2: CHADIZA | G2: 2020 | H2: 74167 | I2: 13994 | J2: 12037 | K2: 9777 | L2: 8233 | M2: 6352 | N2: 4781 | O2: 4094 | P2: 3506 | Q2: 3026 | R2: 2465 | S2: 1558 | T2: 1318 | U2: 1032 | V2: 722 | W2: 630 | X2: 381 | Y2: 261 | Z2: 37141 | AA2: 7085 | AB2: 6114 | AC2: 4953 | AD2: 4327 | AE2: 3364 | AF2: 2360 | AG2: 2005 | AH2: 1612 | AI2: 1433 | AJ2: 1252 | AK2: 774 | AL2: 609 | AM2: 431 | AN2: 319 | AO2: 248 | AP2: 155 | AQ2: 100 | AR2: 37026 | AS2: 6909 | AT2: 5923 | AU2: 4824 | AV2: 3906 | AW2: 2988 | AX2: 2421 | AY2: 2089 | AZ2: 1894 | BA2: 1593 | BB2: 1213 | BC2: 784 | BD2: 709 | BE2: 601 | BF2: 403 | BG2: 382 | BH2: 226 | BI2: 161
A3: Zambia | B3: ZM | C3: EASTERN | D3: ZM30 | E3: CHADIZA | F3: VUBWI | G3: 2020 | H3: 59676 | I3: 11573 | J3: 10061 | K3: 7926 | L3: 5877 | M3: 5065 | N3: 4032 | O3: 3359 | P3: 2783 | Q3: 2413 | R3: 1836 | S3: 1294 | T3: 1032 | U3: 837 | V3: 577 | W3: 501 | X3: 303 | Y3: 207 | Z3: 30236 | AA3: 5786 | AB3: 5066 | AC3: 4009 | AD3: 3118 | AE3: 2720 | AF3: 2146 | AG3: 1694 | AH3: 1386 | AI3: 1194 | AJ3: 943 | AK3: 665 | AL3: 499 | AM3: 343 | AN3: 260 | AO3: 201 | AP3: 124 | AQ3: 82 | AR3: 29440 | AS3: 5787 | AT3: 4995 | AU3: 3917 | AV3: 2759 | AW3: 2345 | AX3: 1886 | AY3: 1665 | AZ3: 1397 | BA3: 1219 | BB3: 893 | BC3: 629 | BD3: 533 | BE3: 494 | BF3: 317 | BG3: 300 | BH3: 179 | BI3: 125
A4: Zambia | B4: ZM | C4: MUCHINGA | D4: ZM11 | E4: CHAMA | F4: CHAMA NORTH | G4: 2020 | H4: 71500 | I4: 14722 | J4: 12593 | K4: 9429 | L4: 6936 | M4: 5859 | N4: 5046 | O4: 4124 | P4: 3368 | Q4: 2738 | R4: 1989 | S4: 1297 | T4: 918 | U4: 892 | V4: 624 | W4: 492 | X4: 298 | Y4: 175 | Z4: 35685 | AA4: 7549 | AB4: 6362 | AC4: 4838 | AD4: 3519 | AE4: 2947 | AF4: 2390 | AG4: 2128 | AH4: 1574 | AI4: 1331 | AJ4: 979 | AK4: 625 | AL4: 412 | AM4: 338 | AN4: 267 | AO4: 212 | AP4: 137 | AQ4: 77 | AR4: 35815 | AS4: 7173 | AT4: 6231 | AU4: 4591 | AV4: 3417 | AW4: 2912 | AX4: 2656 | AY4: 1996 | AZ4: 1794 | BA4: 1407 | BB4: 1010 | BC4: 672 | BD4: 506 | BE4: 554 | BF4: 357 | BG4: 280 | BH4: 161 | BI4: 98
A5: Zambia | B5: ZM | C5: MUCHINGA | D5: ZM11 | E5: CHAMA | F5: CHAMA SOUTH | G5: 2020 | H5: 68310 | I5: 13648 | J5: 12236 | K5: 9124 | L5: 6693 | M5: 5271 | N5: 4754 | O5: 3791 | P5: 3040 | Q5: 2727 | R5: 1910 | S5: 1352 | T5: 949 | U5: 978 | V5: 722 | W5: 569 | X5: 344 | Y5: 202 | Z5: 33543 | AA5: 6821 | AB5: 6158 | AC5: 4745 | AD5: 3412 | AE5: 2590 | AF5: 2221 | AG5: 1878 | AH5: 1440 | AI5: 1228 | AJ5: 894 | AK5: 591 | AL5: 420 | AM5: 357 | AN5: 303 | AO5: 241 | AP5: 156 | AQ5: 88 | AR5: 34767 | AS5: 6827 | AT5: 6078 | AU5: 4379 | AV5: 3281 | AW5: 2681 | AX5: 2533 | AY5: 1913 | AZ5: 1600 | BA5: 1499 | BB5: 1016 | BC5: 761 | BD5: 529 | BE5: 621 | BF5: 419 | BG5: 328 | BH5: 188 | BI5: 114
A6: Zambia | B6: ZM | C6: NORTH-WESTERN | D6: ZM70 | E6: CHAVUMA | F6: CHAVUMA | G6: 2020 | H6: 39952 | I6: 7946 | J6: 6555 | K6: 5196 | L6: 4201 | M6: 3243 | N6: 2691 | O6: 2181 | P6: 1701 | Q6: 1672 | R6: 1161 | S6: 792 | T6: 586 | U6: 511 | V6: 451 | W6: 399 | X6: 291 | Y6: 375 | Z6: 19580 | AA6: 4050 | AB6: 3291 | AC6: 2617 | AD6: 2127 | AE6: 1689 | AF6: 1329 | AG6: 1011 | AH6: 739 | AI6: 767 | AJ6: 581 | AK6: 337 | AL6: 250 | AM6: 198 | AN6: 165 | AO6: 173 | AP6: 111 | AQ6: 145 | AR6: 20372 | AS6: 3896 | AT6: 3264 | AU6: 2579 | AV6: 2074 | AW6: 1554 | AX6: 1362 | AY6: 1170 | AZ6: 962 | BA6: 905 | BB6: 580 | BC6: 455 | BD6: 336 | BE6: 313 | BF6: 286 | BG6: 226 | BH6: 180 | BI6: 230
A7: Zambia | B7: ZM | C7: CENTRAL | D7: ZM10 | E7: CHIBOMBO | F7: CHISAMBA | G7: 2020 | H7: 120511 | I7: 22751 | J7: 19420 | K7: 16589 | L7: 13169 | M7: 10362 | N7: 7970 | O7: 6693 | P7: 5709 | Q7: 4812 | R7: 3608 | S7: 2635 | T7: 2036 | U7: 1770 | V7: 1134 | W7: 858 | X7: 559 | Y7: 436 | Z7: 60984 | AA7: 11440 | AB7: 9922 | AC7: 8506 | AD7: 6872 | AE7: 5399 | AF7: 4036 | AG7: 3298 | AH7: 2833 | AI7: 2357 | AJ7: 1814 | AK7: 1310 | AL7: 974 | AM7: 811 | AN7: 561 | AO7: 409 | AP7: 254 | AQ7: 188 | AR7: 59527 | AS7: 11311 | AT7: 9498 | AU7: 8083 | AV7: 6297 | AW7: 4963 | AX7: 3934 | AY7: 3395 | AZ7: 2876 | BA7: 2455 | BB7: 1794 | BC7: 1325 | BD7: 1062 | BE7: 959 | BF7: 573 | BG7: 449 | BH7: 305 | BI7: 248
A8: Zambia | B8: ZM | C8: CENTRAL | D8: ZM10 | E8: CHIBOMBO | F8: KATUBA | G8: 2020 | H8: 107706 | I8: 19104 | J8: 16284 | K8: 14671 | L8: 11803 | M8: 9732 | N8: 7213 | O8: 6282 | P8: 5286 | Q8: 4596 | R8: 3300 | S8: 2567 | T8: 1939 | U8: 1665 | V8: 1233 | W8: 936 | X8: 614 | Y8: 481 | Z8: 54393 | AA8: 9616 | AB8: 8339 | AC8: 7470 | AD8: 6138 | AE8: 4980 | AF8: 3793 | AG8: 3127 | AH8: 2663 | AI8: 2346 | AJ8: 1689 | AK8: 1197 | AL8: 843 | AM8: 761 | AN8: 567 | AO8: 414 | AP8: 259 | AQ8: 191 | AR8: 53313 | AS8: 9488 | AT8: 7945 | AU8: 7201 | AV8: 5665 | AW8: 4752 | AX8: 3420 | AY8: 3155 | AZ8: 2623 | BA8: 2250 | BB8: 1611 | BC8: 1370 | BD8: 1096 | BE8: 904 | BF8: 666 | BG8: 522 | BH8: 355 | BI8: 290
A9: Zambia | B9: ZM | C9: CENTRAL | D9: ZM10 | E9: CHIBOMBO | F9: KEEMBE | G9: 2020 | H9: 144100 | I9: 27858 | J9: 23375 | K9: 20168 | L9: 15638 | M9: 12600 | N9: 9353 | O9: 8121 | P9: 6628 | Q9: 5798 | R9: 4342 | S9: 2973 | T9: 2075 | U9: 1698 | V9: 1317 | W9: 997 | X9: 652 | Y9: 507 | Z9: 72200 | AA9: 14053 | AB9: 11585 | AC9: 10278 | AD9: 8027 | AE9: 6546 | AF9: 4654 | AG9: 3937 | AH9: 3193 | AI9: 2907 | AJ9: 2166 | AK9: 1521 | AL9: 982 | AM9: 744 | AN9: 638 | AO9: 465 | AP9: 289 | AQ9: 215 | AR9: 71900 | AS9: 13805 | AT9: 11790 | AU9: 9890 | AV9: 7611 | AW9: 6054 | AX9: 4699 | AY9: 4184 | AZ9: 3435 | BA9: 2891 | BB9: 2176 | BC9: 1452 | BD9: 1093 | BE9: 954 | BF9: 679 | BG9: 532 | BH9: 363 | BI9: 292
A10: Zambia | B10: ZM | C10: LUAPULA | D10: ZM40 | E10: CHIENGI | F10: CHIENGI | G10: 2020 | H10: 151048 | I10: 30220 | J10: 23225 | K10: 18370 | L10: 13675 | M10: 11993 | N10: 12146 | O10: 9720 | P10: 7697 | Q10: 7181 | R10: 5249 | S10: 4087 | T10: 2843 | U10: 2039 | V10: 1137 | W10: 761 | X10: 464 | Y10: 241 | Z10: 75726 | AA10: 15126 | AB10: 11683 | AC10: 9303 | AD10: 6894 | AE10: 5754 | AF10: 5809 | AG10: 5088 | AH10: 3899 | AI10: 3651 | AJ10: 2804 | AK10: 2144 | AL10: 1367 | AM10: 990 | AN10: 568 | AO10: 328 | AP10: 218 | AQ10: 100 | AR10: 75322 | AS10: 15094 | AT10: 11542 | AU10: 9067 | AV10: 6781 | AW10: 6239 | AX10: 6337 | AY10: 4632 | AZ10: 3798 | BA10: 3530 | BB10: 2445 | BC10: 1943 | BD10: 1476 | BE10: 1049 | BF10: 569 | BG10: 433 | BH10: 246 | BI10: 141
A11: Zambia | B11: ZM | C11: COPPERBELT | D11: ZM20 | E11: CHILILABOMBWE | F11: CHILILABOMBWE | G11: 2020 | H11: 121194 | I11: 18551 | J11: 15570 | K11: 15318 | L11: 14574 | M11: 12859 | N11: 11395 | O11: 8478 | P11: 6319 | Q11: 5625 | R11: 4155 | S11: 2949 | T11: 2141 | U11: 1332 | V11: 766 | W11: 610 | X11: 327 | Y11: 225 | Z11: 62703 | AA11: 9397 | AB11: 7762 | AC11: 7590 | AD11: 7367 | AE11: 6712 | AF11: 6262 | AG11: 4612 | AH11: 3220 | AI11: 3061 | AJ11: 2248 | AK11: 1660 | AL11: 1170 | AM11: 727 | AN11: 385 | AO11: 298 | AP11: 143 | AQ11: 89 | AR11: 58491 | AS11: 9154 | AT11: 7808 | AU11: 7728 | AV11: 7207 | AW11: 6147 | AX11: 5133 | AY11: 3866 | AZ11: 3099 | BA11: 2564 | BB11: 1907 | BC11: 1289 | BD11: 971 | BE11: 605 | BF11: 381 | BG11: 312 | BH11: 184 | BI11: 136
A12: Zambia | B12: ZM | C12: NORTHERN | D12: ZM60 | E12: CHILUBI | F12: CHILUBI | G12: 2020 | H12: 96843 | I12: 19718 | J12: 16515 | K12: 12059 | L12: 9225 | M12: 7130 | N12: 6301 | O12: 5040 | P12: 5028 | Q12: 4512 | R12: 3309 | S12: 2330 | T12: 1714 | U12: 1445 | V12: 1056 | W12: 769 | X12: 424 | Y12: 268 | Z12: 47937 | AA12: 9968 | AB12: 8358 | AC12: 6268 | AD12: 4656 | AE12: 3398 | AF12: 3081 | AG12: 2373 | AH12: 2342 | AI12: 2164 | AJ12: 1618 | AK12: 1240 | AL12: 808 | AM12: 582 | AN12: 442 | AO12: 351 | AP12: 181 | AQ12: 107 | AR12: 48906 | AS12: 9750 | AT12: 8157 | AU12: 5791 | AV12: 4569 | AW12: 3732 | AX12: 3220 | AY12: 2667 | AZ12: 2686 | BA12: 2348 | BB12: 1691 | BC12: 1090 | BD12: 906 | BE12: 863 | BF12: 614 | BG12: 418 | BH12: 243 | BI12: 161
A13: Zambia | B13: ZM | C13: COPPERBELT | D13: ZM20 | E13: CHINGOLA | F13: CHINGOLA | G13: 2020 | H13: 157508 | I13: 24622 | J13: 21093 | K13: 19543 | L13: 17832 | M13: 15466 | N13: 13322 | O13: 10683 | P13: 8530 | Q13: 7221 | R13: 5331 | S13: 4175 | T13: 3419 | U13: 2453 | V13: 1615 | W13: 1101 | X13: 627 | Y13: 475 | Z13: 79334 | AA13: 12445 | AB13: 10669 | AC13: 9714 | AD13: 8742 | AE13: 7811 | AF13: 6821 | AG13: 5512 | AH13: 4470 | AI13: 3680 | AJ13: 2645 | AK13: 2111 | AL13: 1668 | AM13: 1207 | AN13: 843 | AO13: 520 | AP13: 291 | AQ13: 185 | AR13: 78174 | AS13: 12177 | AT13: 10424 | AU13: 9829 | AV13: 9090 | AW13: 7655 | AX13: 6501 | AY13: 5171 | AZ13: 4060 | BA13: 3541 | BB13: 2686 | BC13: 2064 | BD13: 1751 | BE13: 1246 | BF13: 772 | BG13: 581 | BH13: 336 | BI13: 290
... A151: Zambia | B151: ZM | C151: NORTH-WESTERN | D151: ZM70 | E151: ZAMBEZI | F151: ZAMBEZI WEST | G151: 2020 | H151: 24824 | I151: 5105 | J151: 4230 | K151: 3339 | L151: 2475 | M151: 1967 | N151: 1702 | O151: 1308 | P151: 1011 | Q151: 991 | R151: 790 | S151: 454 | T151: 355 | U151: 291 | V151: 274 | W151: 211 | X151: 161 | Y151: 160 | Z151: 12320 | AA151: 2564 | AB151: 2125 | AC151: 1713 | AD151: 1282 | AE151: 1021 | AF151: 857 | AG151: 630 | AH151: 451 | AI151: 439 | AJ151: 375 | AK151: 242 | AL151: 152 | AM151: 118 | AN151: 113 | AO151: 98 | AP151: 70 | AQ151: 70 | AR151: 12504 | AS151: 2541 | AT151: 2105 | AU151: 1626 | AV151: 1193 | AW151: 946 | AX151: 845 | AY151: 678 | AZ151: 560 | BA151: 552 | BB151: 415 | BC151: 212 | BD151: 203 | BE151: 173 | BF151: 161 | BG151: 113 | BH151: 91 | BI151: 90

Sheet Metadata
A1: Item | B1: Metadata
A2: Country | B2: Zambia
A3: Baseline population | B3: 2010
A4: Reference year of projections | B4: 2020
A5: Source(s) | B5: United States Census Bureau
A6: Source(s) Link(s) | B6: https://www.census.gov/data/tables/time-series/demo/international-programs/subnationalpopulation.html
A7: Methods | B7: https://www.census.gov/data/tables/time-series/demo/international-programs/subnationalpopulation.html
A8: Year of publication | B8: 2013
A9: ADM1 Name | B9: Provinces
A10: ADM1 Number of units | B10: 10
A11: ADM1 Age-and-Sex disaggregation | B11: 5 year age-groups, SAD integrated
A12: ADM1 Open-ended group | B12: 80+
... A20: ADM3 Open-ended group | B20: 80+
A21: Limitations of use and general Notes
